{
  "model": "mobilenetv3_small_100",
  "test_acc": 0.894,
  "test_macro_f1": 0.8939756399211436,
  "latency": {
    "avg_ms": 8.938858780679823,
    "p50_ms": 7.592916488647461,
    "p95_ms": 7.974886894226074
  },
  "classification_report": {
    "0": {
      "precision": 0.9102803738317757,
      "recall": 0.951171875,
      "f1-score": 0.9302769818529131,
      "support": 512.0
    },
    "1": {
      "precision": 0.8387650085763293,
      "recall": 0.9878787878787879,
      "f1-score": 0.9072356215213359,
      "support": 495.0
    },
    "2": {
      "precision": 0.8305400372439479,
      "recall": 0.9139344262295082,
      "f1-score": 0.8702439024390244,
      "support": 488.0
    },
    "3": {
      "precision": 0.7957610789980732,
      "recall": 0.8210735586481114,
      "f1-score": 0.8082191780821918,
      "support": 503.0
    },
    "4": {
      "precision": 0.9021526418786693,
      "recall": 0.9350912778904665,
      "f1-score": 0.9183266932270916,
      "support": 493.0
    },
    "5": {
      "precision": 0.8476190476190476,
      "recall": 0.869140625,
      "f1-score": 0.8582449373191899,
      "support": 512.0
    },
    "6": {
      "precision": 0.9573560767590619,
      "recall": 0.8821218074656189,
      "f1-score": 0.918200408997955,
      "support": 509.0
    },
    "7": {
      "precision": 0.9538784067085954,
      "recall": 0.900990099009901,
      "f1-score": 0.9266802443991853,
      "support": 505.0
    },
    "8": {
      "precision": 0.9719827586206896,
      "recall": 0.9092741935483871,
      "f1-score": 0.9395833333333333,
      "support": 496.0
    },
    "9": {
      "precision": 0.9842105263157894,
      "recall": 0.7679671457905544,
      "f1-score": 0.8627450980392157,
      "support": 487.0
    },
    "accuracy": 0.894,
    "macro avg": {
      "precision": 0.899254595655198,
      "recall": 0.8938643796461335,
      "f1-score": 0.8939756399211436,
      "support": 5000.0
    },
    "weighted avg": {
      "precision": 0.899196521887044,
      "recall": 0.894,
      "f1-score": 0.8940561827351399,
      "support": 5000.0
    }
  },
  "confusion_matrix": [
    [
      487,
      1,
      7,
      5,
      5,
      3,
      0,
      1,
      2,
      1
    ],
    [
      1,
      489,
      0,
      0,
      0,
      1,
      1,
      1,
      1,
      1
    ],
    [
      6,
      0,
      446,
      10,
      7,
      12,
      3,
      3,
      0,
      1
    ],
    [
      4,
      2,
      24,
      413,
      6,
      42,
      9,
      3,
      0,
      0
    ],
    [
      1,
      0,
      8,
      12,
      461,
      4,
      3,
      4,
      0,
      0
    ],
    [
      0,
      1,
      15,
      38,
      5,
      445,
      3,
      5,
      0,
      0
    ],
    [
      1,
      0,
      23,
      23,
      7,
      4,
      449,
      1,
      1,
      0
    ],
    [
      4,
      0,
      10,
      10,
      20,
      6,
      0,
      455,
      0,
      0
    ],
    [
      28,
      5,
      4,
      2,
      0,
      1,
      1,
      1,
      451,
      3
    ],
    [
      3,
      85,
      0,
      6,
      0,
      7,
      0,
      3,
      9,
      374
    ]
  ],
  "num_classes": 10,
  "test_size": 5000,
  "environment": {
    "device": "cuda",
    "pytorch_version": "2.2.2+cu121",
    "timm_version": "1.0.19",
    "codecarbon_version": "3.0.4"
  }
}