{
  "model": "resnet18",
  "test_acc": 0.8892,
  "test_macro_f1": 0.8877774365367113,
  "latency": {
    "avg_ms": 6.276830842223348,
    "p50_ms": 3.328084945678711,
    "p95_ms": 3.967595100402831
  },
  "classification_report": {
    "0": {
      "precision": 0.9145129224652088,
      "recall": 0.8984375,
      "f1-score": 0.9064039408866995,
      "support": 512.0
    },
    "1": {
      "precision": 0.879245283018868,
      "recall": 0.9414141414141414,
      "f1-score": 0.9092682926829269,
      "support": 495.0
    },
    "2": {
      "precision": 0.8017094017094017,
      "recall": 0.9610655737704918,
      "f1-score": 0.8741845293569431,
      "support": 488.0
    },
    "3": {
      "precision": 0.7834507042253521,
      "recall": 0.8846918489065606,
      "f1-score": 0.830999066293184,
      "support": 503.0
    },
    "4": {
      "precision": 0.8638059701492538,
      "recall": 0.9391480730223124,
      "f1-score": 0.8999028182701652,
      "support": 493.0
    },
    "5": {
      "precision": 0.9043659043659044,
      "recall": 0.849609375,
      "f1-score": 0.8761329305135952,
      "support": 512.0
    },
    "6": {
      "precision": 0.9201520912547528,
      "recall": 0.9508840864440079,
      "f1-score": 0.9352657004830918,
      "support": 509.0
    },
    "7": {
      "precision": 0.9368635437881874,
      "recall": 0.9108910891089109,
      "f1-score": 0.9236947791164659,
      "support": 505.0
    },
    "8": {
      "precision": 0.9736842105263158,
      "recall": 0.8951612903225806,
      "f1-score": 0.9327731092436975,
      "support": 496.0
    },
    "9": {
      "precision": 0.9876543209876543,
      "recall": 0.6570841889117043,
      "f1-score": 0.7891491985203453,
      "support": 487.0
    },
    "accuracy": 0.8892,
    "macro avg": {
      "precision": 0.8965444352490899,
      "recall": 0.888838716690071,
      "f1-score": 0.8877774365367113,
      "support": 5000.0
    },
    "weighted avg": {
      "precision": 0.8966134273557472,
      "recall": 0.8892,
      "f1-score": 0.8880961159955685,
      "support": 5000.0
    }
  },
  "confusion_matrix": [
    [
      460,
      3,
      26,
      5,
      7,
      1,
      1,
      3,
      6,
      0
    ],
    [
      2,
      466,
      6,
      6,
      0,
      0,
      8,
      3,
      1,
      3
    ],
    [
      2,
      0,
      469,
      5,
      3,
      2,
      4,
      2,
      1,
      0
    ],
    [
      1,
      0,
      18,
      445,
      13,
      21,
      4,
      1,
      0,
      0
    ],
    [
      2,
      0,
      14,
      10,
      463,
      0,
      3,
      1,
      0,
      0
    ],
    [
      1,
      0,
      14,
      37,
      18,
      435,
      4,
      3,
      0,
      0
    ],
    [
      0,
      0,
      16,
      8,
      1,
      0,
      484,
      0,
      0,
      0
    ],
    [
      1,
      0,
      3,
      8,
      19,
      13,
      1,
      460,
      0,
      0
    ],
    [
      13,
      2,
      8,
      14,
      3,
      3,
      8,
      0,
      444,
      1
    ],
    [
      21,
      59,
      11,
      30,
      9,
      6,
      9,
      18,
      4,
      320
    ]
  ],
  "num_classes": 10,
  "test_size": 5000,
  "environment": {
    "device": "cuda",
    "pytorch_version": "2.2.2+cu121",
    "timm_version": "1.0.19",
    "codecarbon_version": "3.0.4"
  }
}